id,default_12m
104388,0.019158164027219083
101591,0.02980954509635963
101625,0.013001227740689588
103490,0.021721424294335535
101838,0.01715711155747815
110225,0.02143779765173961
101930,0.3524542063381426
111223,0.4341984075318067
109715,0.3676026829699701
103719,0.011352658721637189
114556,0.010986333839909863
108980,0.007116164782553123
101390,0.03438952011510945
114929,0.2576036036561235
112355,0.17466123980514864
107056,0.18702739664116103
109138,0.00682589449236801
100281,0.2622851160125838
108669,0.029287531892360566
100814,0.2801458342107865
109823,0.05304619886432343
105870,0.006752598798698503
112161,0.07448749698870723
108335,0.0906543806330413
105415,0.2868258458123529
114926,0.07318101824320153
105691,0.062241724700846955
106441,0.006924346130337297
101000,0.008823622392929978
108321,0.10558176729010613
114205,0.48455100799617173
103709,0.040062716372555957
114594,0.23688913029386297
108838,0.009569542258178569
114069,0.2562748199346488
102082,0.028515059665254985
103177,0.017877638395253345
110339,0.013125840362413845
106812,0.011186169043196753
113026,0.08656135969767437
112673,0.014074254572885614
113479,0.03834482889633068
114034,0.00778200755426267
112761,0.01271221810179643
111458,0.02392351869205396
111867,0.02624604888434423
104576,0.28893746934136283
109333,0.21644727908149036
112814,0.011129475235138273
103174,0.02309335930758341
114368,0.09536560056582988
107867,0.14311816749162382
104389,0.031282864526570815
110357,0.19557379321768065
101733,0.035134196231814185
105671,0.012008581432963523
104835,0.007247588430086182
104548,0.026170090463713155
109984,0.048484395666229606
110666,0.023791318352521358
106652,0.029097056749010062
111657,0.029158842552478467
114624,0.03150051861690871
106807,0.20120226796113908
112282,0.012664782522441076
114620,0.04644857885747404
105765,0.008045947934233478
100876,0.2562861306460082
100249,0.015407277302515765
114207,0.011022185057696653
103850,0.08951522772900775
112173,0.3388458857596234
108616,0.043816534951570285
110150,0.009273241214709025
108175,0.05105939738927585
102106,0.013358198805233493
114279,0.012102283299767865
114824,0.2243832775336571
113140,0.10612870399106986
101742,0.14730082385648274
108227,0.01284263734986468
110176,0.12933453798591696
107511,0.22177993888383787
105949,0.42268796125263436
110396,0.010618197274733867
104971,0.011620172673201604
110555,0.0217449924305794
109777,0.01583869471046799
104070,0.00879445228432469
108853,0.015545697209107413
112057,0.0075730115162644185
112997,0.1815545343613686
105016,0.01252424040954131
110634,0.13992286696245018
104524,0.0424957702803777
105495,0.012329413911199747
110816,0.017466188638339937
102079,0.0134180552055026
108512,0.17301699801532244
103713,0.4278604777149997
105088,0.01394851041863986
113116,0.24539383546211804
113971,0.06564381427275649
101069,0.013510056438374558
110321,0.07169147371444884
102811,0.09600104845850851
103762,0.03337553708009007
104234,0.011631141657274765
100341,0.010544974769667198
111517,0.02903039200480692
108787,0.027546796417953955
108966,0.02850734214226458
102745,0.05871896161849341
104488,0.022499615407348635
110617,0.034621711882771994
102356,0.14939930990284725
104497,0.17392609055068406
106353,0.020757427867642012
109474,0.007017271173731075
111372,0.009778625824046917
113877,0.11602673175946582
108942,0.2992114689994358
105450,0.013897834514831824
103356,0.012854608475411977
104363,0.008975013952439914
100317,0.11346006881677424
106488,0.009061892263499126
104658,0.0683401960051613
102808,0.06136829965197792
112027,0.023046214781913987
106881,0.015408547193606114
114314,0.1618775446427302
109925,0.04225674649876017
104976,0.028222148497232584
114638,0.19727085677302425
107179,0.044658685760365927
111411,0.04483620945552654
114136,0.010339072622595886
102466,0.13834372136359727
105797,0.014140512421020662
104849,0.010240221176561185
108619,0.007382567236359895
111718,0.02178097677269127
104178,0.07294607689911083
101852,0.11612072359716605
108208,0.011754091446218291
106570,0.006330809467090556
110457,0.018519773255043774
107424,0.03530922280926208
113536,0.044264524118290814
100454,0.037298905253903135
105947,0.21424321854664913
111521,0.01679455938183428
112676,0.24235276589885385
110257,0.009117911493207695
112348,0.04906912657436348
108905,0.013836539704180329
113916,0.02126905878631409
105782,0.00845308231990686
113251,0.20157537053571115
106813,0.3782327630050985
105142,0.00803323201840522
100525,0.06960008644178538
112536,0.053373882300708796
106331,0.39116389884097946
106230,0.12870629560974492
109013,0.01023293022906794
113121,0.1092350503101439
106102,0.0569848721739535
101933,0.008973675153519718
109580,0.20424937390410688
107989,0.01433475827147356
113906,0.09326750624161548
110849,0.030768433416963163
111310,0.03081403429255173
100345,0.011059608802151798
108987,0.009520405578889746
113679,0.020769969280906034
104468,0.011095093097162051
110698,0.1981199096010624
111769,0.011051783453907057
109196,0.0076824326353814865
105240,0.009627273792487975
104090,0.01274147523202112
113568,0.15087888561303997
109268,0.3177570083513338
101931,0.011817975791361082
107956,0.1143216936949355
101555,0.0082331990609471
109042,0.34255280252544046
106941,0.009692109681019478
112537,0.08544927651150123
100125,0.008298337211580176
106542,0.027500093489071214
103726,0.009746500287898282
109762,0.00811018081998564
100077,0.12079534522935526
111352,0.019788465844818904
103672,0.018062721090221362
103493,0.12003401932612799
108941,0.01150964329348285
108907,0.12644324860272071
103267,0.010209134585198329
101607,0.03835464637594306
106736,0.0095069962239512
103009,0.012962097757206852
109788,0.008688321775665404
110343,0.03489992634031167
114859,0.011295548930498786
111344,0.04471841551389297
111494,0.015228277367223627
100417,0.010303957447670873
114092,0.11917517537049038
100760,0.023118083540386324
106288,0.08707422350049729
111551,0.008226817657808038
107394,0.13362284521704945
100206,0.01171586894012811
100105,0.7914676007220851
111171,0.03581391323911074
114321,0.1441583764508932
106806,0.04428451445177961
113364,0.09605321151403305
112972,0.010433055939160853
104330,0.059722188007107414
113360,0.013907240939710564
107982,0.007175371529159899
107397,0.43378731771273304
105468,0.11868802345431274
112112,0.008446903070973403
106721,0.011637477761244056
113612,0.06488584062940843
102322,0.025216283683726633
105542,0.027942326965539957
108407,0.39446850380607357
109105,0.00772952020346872
110700,0.008385824047176763
110188,0.3927459672437291
107426,0.03318100930833838
113922,0.0794790778706067
114330,0.026247995398976605
103687,0.18896645066905643
105207,0.1366878985593681
101306,0.02186451382876805
101949,0.22471400576206482
113595,0.14438902754522404
100827,0.029833566604853038
104079,0.07219524032697339
101296,0.08118501853675525
114517,0.2006034383625386
107491,0.032726077544523696
102989,0.0072349565775370345
111568,0.2003208054554306
106430,0.013733811286718061
113581,0.028476183017879783
107683,0.43224924408192406
108795,0.2132974921881695
103292,0.18220498474579175
114214,0.010559617723084055
101771,0.16736890871378907
108508,0.2093042091563866
104566,0.007377365505057572
111447,0.0511659310328407
102717,0.0078766252564838
109700,0.012875912589794022
104494,0.009361471073874394
114663,0.5003983170396429
102551,0.32526964677582576
102383,0.006707844996212378
108082,0.01618197116754779
100072,0.0681558799935773
103420,0.34323935400168276
101466,0.14671148347619284
112749,0.5321594951099672
107339,0.009481137367294695
105919,0.02599096270887679
107062,0.007929393064995073
102043,0.00903125746662844
109179,0.00962654425446113
100536,0.00970001661107174
104784,0.03712102589550919
104491,0.011263551297779596
102772,0.005914025557584147
105136,0.0398963757698172
111000,0.010488362098751973
102359,0.39706175073783345
101290,0.05550434432421059
111653,0.11483625277924904
109958,0.03727715270770401
113403,0.13331603926789082
112236,0.008698369993018706
108320,0.04979120491890389
112201,0.026290696270242057
100630,0.008097813740376726
109670,0.007924222860068813
107004,0.09409133033089159
104225,0.01811464448213432
112880,0.03427800396303985
110568,0.011452717326038041
111473,0.2469859142138936
102475,0.006038569112726219
106892,0.0075284885425357315
108930,0.04024178219488373
112893,0.2219228514828169
102538,0.012691062596357102
109062,0.08105302356265315
101687,0.007254851189285277
106099,0.011224607957063206
105291,0.019403200150589873
100830,0.06439732641434556
107555,0.05325160456786168
103108,0.08764984887648336
112316,0.336044999681166
102472,0.029623905195090332
112045,0.008943025973301407
109086,0.011391646062665026
107392,0.0070583523617443154
106767,0.009341971668177101
105237,0.11746233724853493
100575,0.026736722017281323
102203,0.10623616108318963
106898,0.015836614292088592
112315,0.010220268861839743
102278,0.011006373592349527
101542,0.03402605735427177
100894,0.09117401358619671
106295,0.01523141937598576
101693,0.030268640755255188
103192,0.008835111976727953
109047,0.0071798373937004304
101994,0.02629328516924606
105047,0.015805016551347736
104430,0.008354829140736493
110882,0.011839328438366126
111339,0.02778789606254815
114568,0.04546237713726103
114589,0.06719117133432503
101761,0.28612159153800426
100698,0.06765131012863668
110326,0.2259788239703679
108571,0.010485759086724729
112999,0.32882159616658696
111540,0.11840076519560262
102443,0.008738103134873975
102071,0.02700514627976368
110227,0.049169679397369465
111722,0.025284089137222472
114323,0.03575618944023494
107232,0.08682708862348465
105854,0.013467542289585799
108901,0.013102567876432013
100569,0.03768369463311425
110969,0.00987204767362329
102593,0.33116753002252586
107595,0.2861384076202546
108945,0.4800363908935709
105063,0.09627791307988742
103735,0.020649001092992635
112040,0.009018721832350883
104757,0.042229095470859596
109911,0.01799683167789311
102139,0.6778736077180996
101585,0.008880366829286567
114786,0.31804704081397744
114899,0.021937739719990298
112340,0.010508457719486714
100728,0.01248148569224811
104616,0.037600775047319956
106140,0.14836163548984782
108592,0.007591384694166805
100005,0.23292638728586917
103446,0.11266468287003382
104158,0.7116348933368288
110406,0.008740129164143108
100384,0.06804180475160411
100526,0.00990498819272312
103913,0.01086855038768281
103302,0.009558576216437053
113442,0.011943739071656507
102852,0.08944749585045018
106015,0.12259297794918778
106212,0.05529885161242363
101678,0.014179662900136666
113059,0.011702904825815196
104142,0.009338744654829825
114974,0.010590757623435795
107674,0.010842183264693505
100688,0.006209887687860551
109127,0.1683375764555128
101895,0.008817454615076128
108734,0.013282364201697178
100922,0.019801645364550983
106540,0.010385083234303793
103845,0.007485982686077924
104719,0.03282222904483135
105539,0.17691655702461662
103430,0.011472020781074486
109005,0.3994232960879454
111916,0.011954816569115905
109492,0.009554793824389809
102679,0.031006454654952966
100699,0.008072172796003002
100514,0.021721960887918126
101048,0.8655960403000369
108070,0.06086028017205108
106617,0.015380083952784833
109914,0.6249894673598498
104530,0.04080721896795341
106293,0.01706703508870836
114895,0.010052898713586283
104361,0.007685587928648001
110616,0.012270034320087116
103230,0.021566641725777994
112015,0.009664546927952471
114168,0.025183498098991546
111207,0.008177027455179805
113407,0.009446570332376045
104473,0.13100035337012128
103042,0.0076083335618323845
108004,0.17199443158594752
100832,0.036862263515897505
107151,0.012081191517819136
106368,0.014366640890245537
111636,0.010471375407138469
114185,0.03254239208528396
104592,0.07656836487720252
106327,0.01167737817976063
105178,0.038340715736029055
112003,0.1129123837782363
110552,0.01563192723752493
106731,0.009812276550504285
104820,0.011877744813624237
114403,0.027987037158686334
105656,0.10100015561759991
105348,0.006031082445066272
113721,0.030206564031535668
102511,0.08341155383005182
109151,0.0652655717088223
105116,0.025385514597931872
103324,0.011268355062724677
108212,0.01244007538831349
111312,0.02829539644022184
101925,0.038490192342592607
103610,0.010404584055351544
111122,0.014029756741403306
114684,0.009390325068561434
111794,0.40493972679533463
100583,0.009761118612436677
101353,0.42229859361976074
113772,0.023129676558893166
109074,0.07285363272349442
112155,0.10411312808853088
105625,0.008459716039175101
105560,0.034569317474083545
108502,0.016162304058849632
105031,0.00997013306822196
103241,0.011053274887069305
101179,0.009193141273479836
104637,0.008802692972076231
103054,0.014303254575273558
111700,0.03801048491316568
107694,0.13611528092541778
111695,0.010698632880560078
101484,0.027897069583394107
114596,0.49354662038856345
106284,0.009379060820812371
110201,0.17535820322070492
107723,0.1899130511474588
112399,0.009269042902316706
109323,0.11333792155781643
101763,0.32248123775934434
109977,0.03592953693968393
108378,0.11093135592587659
114928,0.00726949720046765
111309,0.8658108502468524
110238,0.024116169083745653
105334,0.039519437656530355
114635,0.01294653164645542
106609,0.014483937547727817
112101,0.010979199356642636
112951,0.025877276808077002
100094,0.010120163161492366
100666,0.0093805378317102
111922,0.10012550128334935
111383,0.4147424562537426
107842,0.02238320302603768
110037,0.010501387173857974
103640,0.20511418709726806
106937,0.02117134204634014
114177,0.010467513147870412
101440,0.1698300421631344
109907,0.008654610651802406
107830,0.26819307717903806
103440,0.014175363991602115
100078,0.047442661182927254
111536,0.019929708737532564
102695,0.040489652625962595
104164,0.011921002319300582
114965,0.1433981872030786
100145,0.026857893513247518
106276,0.0077937407694663625
111421,0.019424241699609678
105962,0.016271846072618636
111476,0.03876671175685091
114386,0.180837562792463
109752,0.018430836335072972
101524,0.05417195844209239
111470,0.043615924388381376
108984,0.06465095146657522
110647,0.031078891168184308
113987,0.008938373787542175
109110,0.09106320407811282
113346,0.11971164991659189
101016,0.03369730252486795
107314,0.033251621108590645
106122,0.07301082209923103
111426,0.03393120684777926
103810,0.041860341415429804
100301,0.008245749011755748
103266,0.5047924858613523
112219,0.012822377531877165
101854,0.050294981773622065
114454,0.01441001049054716
105445,0.013703104943724754
112149,0.028930805099607937
100235,0.011179285214053194
106172,0.016244205396735243
109348,0.06541633723203928
113964,0.4899986978237912
103342,0.046986423138102744
100137,0.07276305799303355
108356,0.06877375302644212
110106,0.013571533940479781
112808,0.03958614879747994
114931,0.007242868454529239
113429,0.010642668499051072
111174,0.014946036739964232
110300,0.0075145988157929835
109556,0.15464522142511503
114200,0.18949131705629566
109831,0.1122458430272742
101252,0.07223457404354258
109852,0.03738032003936401
103097,0.024080211208578877
110492,0.15631500936086953
111128,0.07965951360275536
108820,0.014022195785248234
107026,0.009392958940989335
114932,0.009736825647427599
104259,0.009971365146225061
108311,0.010917875588541985
103890,0.03670560246059063
114373,0.04044767588181982
113694,0.15692183245236735
109789,0.010556502926919117
114909,0.24791561446550597
107574,0.011054787206999189
110975,0.008022431652560391
108609,0.10014707134853255
101072,0.4840743595040143
112685,0.00940044711053718
114967,0.14685695502421484
106090,0.18664740291110818
113365,0.012270605161128245
114488,0.010382219316679004
100306,0.009230833579371206
106677,0.018447543083183093
113695,0.16444841300455423
110262,0.05288014931910356
103818,0.007354169740800323
109017,0.01453389191216428
111197,0.05907905637718654
107227,0.07294547020284955
100899,0.009777923292648514
112790,0.23522229856659005
111375,0.011137091663441057
112490,0.06884306599368668
102327,0.01172049605176807
108202,0.035351176879890804
110367,0.18819623486868206
104297,0.392340961554588
105189,0.017925163065619545
100512,0.09110414053500221
114075,0.008154524126182894
102713,0.06108886226062896
113755,0.2776995239589511
103591,0.10962534281371193
114089,0.0158821595711554
112405,0.026843806618346896
107218,0.6011823375920565
110147,0.09921417217396565
107390,0.008075676048456359
109539,0.009686390210499328
111414,0.013574099933922876
111577,0.010638395670765534
102033,0.028616901372401204
110445,0.019638560565581258
114246,0.013044895249917705
113828,0.006978099335890742
107043,0.20701414378415692
105788,0.0705408063489497
100529,0.2102143677623437
112322,0.007854575234053713
105305,0.6525373771133176
107088,0.008107323138671272
113490,0.07191921952068127
108659,0.13400228195473504
113417,0.008569126512782488
114717,0.011311015396446649
104944,0.009753339054735768
104360,0.04543543265604217
111704,0.5588754787349988
107005,0.008065670263216435
107147,0.013228659210884387
114098,0.12052093633235478
105315,0.011891469294201429
111774,0.08355435670593238
103974,0.007810720281655273
108601,0.10480544930289706
104837,0.009444221552881254
110209,0.031023983658319577
112259,0.010944391722112255
107833,0.02535775249078194
110805,0.011287382306353115
103900,0.7978649092405316
107577,0.011071974628403265
113600,0.00702005455381188
109516,0.08663096660108942
100074,0.6114453987242189
106949,0.013934008161520607
110267,0.0088790867812844
104286,0.008082345078303976
113980,0.00957878511073555
105179,0.009785945497740207
107860,0.010185154103346491
101324,0.04420857640499372
100846,0.041424248070013076
114666,0.12754344499598902
111015,0.04031207756241638
112086,0.011460332985510822
107196,0.04684252182964767
108633,0.010704362251877682
101218,0.008353278881666495
110453,0.07446769830332771
113035,0.07206349267400367
102205,0.08780013116945777
106770,0.013077091744451715
110048,0.011985238803896762
106894,0.008843220779343856
103294,0.011994981393872573
101301,0.008183560350195409
100661,0.6888609322158576
104815,0.03121930530609987
112468,0.2991589035417385
113846,0.013317939897063398
112324,0.6965555164304875
110578,0.34965617082745826
107400,0.007286028897559249
111725,0.016099683444912333
109719,0.011745024493435832
104858,0.01595833302945327
101798,0.007499254932775311
109135,0.012500401873398568
111062,0.010523921025539984
102530,0.011168855994616209
106283,0.037175682933200505
113986,0.0128503871179629
105565,0.2912389489641204
107848,0.01537845757250953
112681,0.17963725607186282
109358,0.023205398529909365
105423,0.007809246642541097
107010,0.037106677119570886
103636,0.07805307448791078
105977,0.09881831949533938
102612,0.03858002534842332
103517,0.09404250012860375
113067,0.009688635423998612
100225,0.014874738493515345
101386,0.01008728212926408
107351,0.06050854164441932
114262,0.08068290371455587
103797,0.35754824670801655
106164,0.20736455138098062
105252,0.0106313897950021
110340,0.011323404768309939
114235,0.011371823905600495
103152,0.10339903340321724
108110,0.20232332830377944
102958,0.011560812831551416
111053,0.07454910433440198
111548,0.012005355659688277
102738,0.02481851649386401
111380,0.01029401304249112
108712,0.015930530191966684
112989,0.6316811220661973
105975,0.31922479321613073
112612,0.008411781597477077
107368,0.11047032554678754
111036,0.05967475036600063
100391,0.007899332587499504
107761,0.007269234279559058
104895,0.04151066544759917
101098,0.007788865095959695
109817,0.09703508015773957
105618,0.011943862777407492
114124,0.008238828075076662
113395,0.43547754987545384
102693,0.056185326409807904
107668,0.4851892638882627
113472,0.023348375652615758
113394,0.08119731682957768
105287,0.00929867677894483
110205,0.005305387579918527
103117,0.26264262779873443
110016,0.6285019072251025
104167,0.030335740158167115
113530,0.008649978633028906
106573,0.2182955913439239
112764,0.02016885574216055
112042,0.007657865895691763
114265,0.09781780059942313
110965,0.008052646439078551
114649,0.03487360277190391
105126,0.03722384678995086
107114,0.29201358040453507
100545,0.452469760552111
112091,0.08882740890781603
111692,0.011401262432889388
104831,0.04144579933679445
104346,0.007503942193222119
100920,0.008509040490234354
101500,0.06810160675983959
111271,0.02395304495487723
108754,0.13195480301380605
101015,0.06387387617875967
112157,0.01469449879998496
104036,0.3578810595260456
112891,0.10098772597926074
100632,0.5014974800188565
101540,0.008862510658977923
100663,0.013319134772205359
108123,0.016687535859573378
114627,0.027971180237786306
109092,0.7321048140563732
102493,0.007770761311974714
113477,0.037443388359266236
111516,0.10167850800175682
111093,0.015130622851914667
103273,0.03319873482428303
108647,0.011580076181468876
102964,0.04116532166291319
105370,0.1934448998021562
105005,0.034662167643866294
100202,0.2044045594479586
114541,0.07972065545778592
107311,0.010541339207326196
104208,0.7370565141936242
111016,0.014418200272447388
112060,0.01040253078355435
112875,0.07166531490644
111096,0.01341268572896203
108135,0.008939726195677164
104735,0.021359179959111897
110971,0.029132717839571914
108433,0.15980836307496468
107576,0.035451956234707864
112915,0.24785450760240146
107404,0.00775065438279059
109091,0.009937959603139899
114447,0.010708542303338592
108105,0.03417684685476311
104777,0.023234987576948533
110829,0.1472819687711707
103828,0.019138420103909627
105895,0.007626473491682859
110350,0.30075860775103724
113367,0.012149571766523171
102681,0.24187766615453873
114555,0.049082503460527296
114322,0.011151642325306771
109208,0.06913419435085137
113337,0.31698929361443795
106988,0.17132833564459363
108189,0.008927691555456455
100419,0.45503117872848803
107184,0.05882942675291935
101205,0.36929262104338684
105188,0.008716584198564687
108684,0.7052213653466434
101045,0.007424955615178208
107758,0.49102245439241243
100098,0.14133458277989022
112145,0.03320978093553533
113716,0.00886896456257308
112857,0.1623317690178972
105320,0.008604475659080466
107996,0.11765660206155437
112902,0.006810894388190512
102747,0.05150584582787187
105548,0.10869720073781959
108453,0.11672769342249904
109692,0.04451147913071085
108597,0.3781804323336611
112043,0.014435447854571579
106262,0.008053640798395347
100954,0.03528622276301945
107657,0.07642454071820591
103144,0.01377739285875698
112740,0.020341883758728394
109765,0.3083477955656661
107446,0.05308036671916122
104612,0.06229448625344656
109610,0.04052153127592674
104893,0.4241534506819533
105986,0.05479255709193542
114183,0.10001885402159064
114135,0.282874781382344
100891,0.17009784756356716
108636,0.07441182505236787
100716,0.09510581617021831
108717,0.0318914108866601
114393,0.015698077590260047
108152,0.00970553567450649
100822,0.023754770321939237
102838,0.00791475252031723
105408,0.011510751269911646
106588,0.05181185227126191
105249,0.0576184687502122
107987,0.010740257945376076
106016,0.08549590334238691
108220,0.37308265573242294
101685,0.010928471678924558
113951,0.04313289689525996
106278,0.011286518330081883
102265,0.009107747381718968
100726,0.01973188892101977
104107,0.033091414212396704
102048,0.04738075262797021
103531,0.008384227319040725
104748,0.04894278560726448
109200,0.09896893587309964
113978,0.01790389088135772
112912,0.0103298669712618
113224,0.021469667093321307
111664,0.0098491326361479
101409,0.03257920260751857
108586,0.04927390022037957
101342,0.007485508104055781
106477,0.042023510580104395
111954,0.03872516164743167
101154,0.012584150005906083
114413,0.1515983400844145
112697,0.023844904730444615
111983,0.13441886807578748
106981,0.010132844864605542
114902,0.014889379827667781
104000,0.028432861445088962
114654,0.01434542347936658
114552,0.01183739977467224
106269,0.5519507082363961
100055,0.22026543751724317
105699,0.07069693024418869
109299,0.008848860202437
100412,0.2088773411420137
109816,0.057826123908840225
104293,0.010432078257675618
103568,0.008661906412646917
107730,0.006295472727708122
110817,0.0137030192607333
112307,0.03759753407553385
113911,0.02692800235506596
103511,0.14308486102919762
102032,0.244838096268176
107409,0.009815308628373464
104186,0.009761964340385223
100784,0.03990683760869019
109989,0.10543740446253999
100488,0.01253324757914529
108808,0.027983811412546952
109109,0.016819245507491063
114460,0.23247094474026359
107215,0.017698176345215203
102027,0.029772595107121436
104061,0.023985688646242363
114445,0.022387227123058625
106471,0.07550884099969227
103005,0.012216452043844576
104703,0.3329447179528567
110395,0.03551405957644619
114503,0.008954357168006768
101976,0.022482852226888804
110524,0.0672875784084416
109651,0.29575720492817437
105600,0.14306543344467612
110853,0.006676565709624603
107479,0.02838188295918997
103157,0.07680860039673824
109579,0.16147170332728053
111248,0.10053360877389915
106059,0.008985331351485007
103581,0.030791324453514356
100458,0.010265567053626412
103741,0.010520145190003704
111970,0.16882218414527916
107285,0.009333385998050208
101389,0.011881302696557012
110019,0.015809260217033824
104426,0.009066109198317556
107891,0.01092853891846349
105068,0.010591300292870871
110273,0.11882046431442457
113703,0.06409914936216872
107561,0.012012632450340646
111811,0.05032647052871327
105675,0.06562804157492337
103812,0.01177644225772756
102116,0.009992813270230324
110852,0.02586298963053615
108096,0.2294840758989953
111229,0.014002330562799302
104422,0.08760372319854347
108465,0.00846137693168978
102190,0.023371088105910258
104799,0.2778431345388736
113014,0.31000752176737756
102920,0.007044500336849332
113456,0.007472413113496291
107617,0.014784716097204475
103452,0.057843696477332666
102382,0.03306675135769101
106546,0.4758297182717684
103374,0.058296653360448
111120,0.006682787275952155
104433,0.339164724939642
104662,0.013844111779558904
107190,0.010601382302703934
113696,0.0073320054055368115
103814,0.010314752067560254
105827,0.029635371190104908
102797,0.006047983238600308
108646,0.05885427212299103
101804,0.013937249271110841
104798,0.027185300705348876
109087,0.8016214016786251
102489,0.05235944353576282
102064,0.010247539351653312
102243,0.09418137930363027
114660,0.4059234785015122
114150,0.11759388706792592
112326,0.00642224965172576
100133,0.06615058689569886
111556,0.009327047780077863
111424,0.012651870739810625
108476,0.009129531765842034
103629,0.032489363076863446
106738,0.02926206460769179
108213,0.04187982303417344
104599,0.015918870860767275
111425,0.06771557387849157
111996,0.131316754514977
114486,0.06272519497982226
112020,0.023782730695176713
114560,0.01771585910748886
108172,0.008417417540619924
102557,0.009853763267791282
106012,0.24578470406086592
111040,0.02179140409631435
114376,0.013339867756882484
106980,0.04890564628944908
112183,0.05818044836315096
114576,0.05730242941726464
113570,0.023844312470561416
110893,0.011841506483611288
106709,0.5464677880699
109503,0.009627833164379037
107192,0.024691211399755258
109007,0.27666563893432905
113931,0.022079300573607186
103769,0.008041919652027224
103778,0.012655960052778477
108567,0.010702219270926402
109382,0.01151202241914492
103030,0.033211507013954485
111613,0.011912431361712762
111157,0.5432821884006646
100302,0.008584096679953582
100404,0.00940605611976686
100980,0.029210774085542134
101823,0.04048589651228398
103701,0.008702796110071076
112075,0.04832117256960809
104243,0.011965690523222295
105124,0.01503909504141681
106374,0.013589480771794718
101382,0.011887425053766056
100285,0.2268443143961919
111163,0.03282129273850202
100974,0.008670726696795108
101875,0.018195743722145174
107208,0.023803710927560482
107519,0.13438248189669466
102349,0.6634002872516832
111211,0.506542291432125
105043,0.027629372730971585
102752,0.009532744946896677
109499,0.03979458262589274
110754,0.006593438689055701
101960,0.07696689645240085
103953,0.020717563027908236
100671,0.30324045394547733
100140,0.24351194611468932
113247,0.006536582306829628
111834,0.13369395749305038
106185,0.01775627478956352
106869,0.008757890357599291
106356,0.08475258199275193
105596,0.14294707493316428
102814,0.16012969365348442
107141,0.26342575882444547
112244,0.12329310445590422
104644,0.008072570071827429
101959,0.011255950919272754
110516,0.036153052280330916
109361,0.030369488866360435
112256,0.16104975887453968
106638,0.017956292863089335
107790,0.022018399252408
105622,0.019759590780136043
112760,0.11709482324399591
111530,0.02450131651788762
102479,0.012673689734907808
111382,0.0814899457787571
114639,0.13218160167909054
110929,0.012772133587247233
114407,0.04472795922864547
111139,0.011605449446307845
108044,0.38786377451550413
104854,0.5979698075098978
102667,0.008766451883090347
105342,0.012121779040377298
100260,0.008793981176781276
100804,0.2680427938817156
109655,0.02715353859487446
113965,0.04079142173054244
102343,0.012904903815842732
101040,0.15368959159883566
100117,0.05865543028427138
100352,0.27669859444008843
108258,0.010138021215247556
107543,0.23098952450793322
107489,0.07556105079076107
103036,0.2800959467075983
112120,0.021537949301679585
103510,0.044684115549432316
109274,0.5911981720251167
100593,0.02047464369713969
110813,0.01727728909930052
109508,0.03151261606630107
111328,0.009971545493825307
112582,0.1393452013658947
107667,0.029904168404291658
111296,0.12215034456777793
103427,0.4235003986111885
114783,0.09465036170067272
109163,0.030324987261429594
113813,0.07845789394883886
114002,0.0292701232035843
103343,0.012754220390469466
109504,0.21774056651602233
114241,0.013240551128371034
106097,0.3977947918822865
104197,0.036315519307645906
106619,0.031289787640506814
108154,0.16230500404893725
105115,0.008600876292997477
101528,0.018570212713643633
106456,0.04316287571360547
114896,0.3224469330026221
113418,0.099156183173798
113498,0.00857268887846568
113046,0.054058905448651384
104632,0.05288330589772485
105293,0.028618166800932352
105604,0.009032762313708606
102931,0.047064536501954905
112977,0.3288051407155698
101007,0.011243602996672613
110353,0.03918953564191093
105056,0.026812221603724457
114640,0.013932175340996947
114604,0.03136364742662742
103840,0.018183824164589434
103596,0.4048825702327736
100966,0.023554966843214935
101367,0.01554795240585095
109759,0.39752039810474665
100791,0.10623799036170481
100959,0.01786489705434686
103385,0.006931011365372538
105913,0.29925545715447355
107629,0.007628499387383397
102672,0.008793375519986879
104806,0.09663766464938779
109637,0.017038727359146997
102427,0.06058748151704814
106966,0.011277062161276023
110901,0.6448819316492383
104788,0.046240795272090726
110232,0.04233543174233528
108392,0.011073277152371634
102786,0.18421897781291788
102708,0.3319045305596359
101202,0.16290298946400317
106446,0.008879988936793894
110167,0.006707022434162429
103631,0.11567887054119945
100340,0.01775583914350414
113921,0.0945803404180209
112693,0.009281386591436704
100933,0.01807334901687943
101707,0.34209837696650336
110535,0.648432676666777
112237,0.0257404033730517
101622,0.07432021450106706
102336,0.03496580906849536
107878,0.1607418236980141
109041,0.016172341436349606
112197,0.010849702435888895
108073,0.3471686386322835
103993,0.07586811879434288
102469,0.032842790377171194
105175,0.009931635069295123
114971,0.03389123624198135
107858,0.1182491887361811
100126,0.046930185190907074
101990,0.024024433998743735
101604,0.0065113598874561975
111687,0.01245436655983676
114731,0.012137443027848537
103638,0.3435907163450167
102744,0.014081612179384844
112309,0.017784574646702696
108264,0.10803573561476548
103507,0.037312409243995565
111307,0.0536707319485725
107057,0.010122271692868586
111148,0.012441169833375235
102923,0.12651531528633878
101796,0.012855904372796816
101899,0.07465272464152045
108927,0.056944507593535094
112873,0.10262547024827386
102105,0.011078979132316697
101560,0.028220109265083466
111632,0.1836418880511029
113907,0.014433971910528897
113234,0.08610876210696317
112254,0.008068044554601259
101028,0.05290586604962699
102950,0.031052192988418558
107869,0.0075644100877685526
112337,0.08430224706628689
108815,0.1293300781210135
114122,0.10490250342802218
112039,0.03529744823111497
107804,0.41174022431350127
112805,0.05346424307062924
110677,0.0058193197871024855
107721,0.18680017851201608
111938,0.005914769203535839
101286,0.28591840611894526
100001,0.020362735891500457
113974,0.019864272085209536
114172,0.04031656438322204
110026,0.011868436573579973
101525,0.008678556578662287
102137,0.2226204359466204
109650,0.009340474788284167
110808,0.0094544266270389
104431,0.16128721024039103
107294,0.03538024120025639
109076,0.010727434107965308
114697,0.015496041692360121
101267,0.04146037568572645
105619,0.007389070018650517
104358,0.1645962802027999
111871,0.08417193826311273
112607,0.007820786710613812
106229,0.1211386547414199
103763,0.009406505204353693
112652,0.16440992911823593
106674,0.12033348150940583
112398,0.029709405085353698
107059,0.2278593069247376
112831,0.05188424757791063
101605,0.009482632603087598
104114,0.07920972473986418
114483,0.049342168616697116
110574,0.024192856250298055
104873,0.06919001365148565
114721,0.012175350375182857
114170,0.009943890557040426
100559,0.20675055692312633
111041,0.08485745520670947
110049,0.06311998621477977
107554,0.03357126970316326
110177,0.01063806064228185
112773,0.55901010271155
105543,0.00711333897847335
114977,0.03778924655997673
106089,0.007352077387747285
100853,0.008418699634873296
102878,0.10107496031710025
108428,0.013625066587089134
110544,0.5252959455655313
112980,0.1087090448025082
112477,0.12497684771666798
101333,0.005814582605894495
108308,0.029256954832203686
108434,0.26439601346159375
108549,0.04651105069068167
106166,0.17992787956991024
105917,0.25304850912779486
111964,0.6258017539694147
106667,0.02223558386387539
105777,0.04328585988003244
100775,0.008472914125388956
113500,0.1679371417392407
102573,0.44556550364909536
107291,0.14707577422175014
103004,0.026604039603811906
102454,0.09438049253222451
104203,0.23924481993944113
108058,0.027936609938768456
107102,0.012713640064081015
103644,0.006041105065924071
108010,0.011702563369669624
105280,0.010565775075270411
100004,0.05225356905978452
106406,0.018216765040655628
101868,0.0829644633530806
114455,0.007608351232194387
109111,0.01315685435329925
110462,0.267682986968355
101063,0.018549412690061537
113852,0.011496703929429433
100406,0.1637939426055059
106640,0.02289455856157187
112877,0.2988719974477085
108429,0.008544769670617522
107575,0.008360451154145142
107483,0.18553444475622038
107287,0.06558481696037746
106197,0.06357073865607629
110818,0.04162786308907049
110301,0.011942698994048175
101663,0.007656288648250242
109397,0.040622615748985555
109437,0.6822995726459163
106665,0.022245474566035085
104555,0.04085399369733611
110785,0.09590876584982054
112218,0.01968621027437021
109685,0.027483311346169385
110426,0.05062206114785832
114841,0.014159204561812256
105791,0.04882472565240919
106938,0.017252601885039638
112362,0.1888289665286755
113683,0.042582678932514474
113621,0.02873753271031361
110960,0.01799452031620115
114776,0.007307871565054682
111918,0.22039959329856113
111745,0.12971869454079843
111939,0.008997056142904962
112725,0.018574012692158283
100560,0.16190914354773944
105713,0.15969945080759063
100213,0.18713529001475887
102785,0.08054944909213856
112743,0.6692806113031938
109519,0.012539174900199028
100537,0.04408925030875672
110733,0.009186378119530901
106748,0.015889536681987095
112984,0.0099666392614219
109888,0.5769751014930912
105530,0.008780756139110805
113848,0.00955553533886345
110348,0.1521004059777337
105644,0.00862788664738841
107870,0.031149309935621938
107099,0.0069676686524943994
113053,0.7721701487028494
111543,0.23617697723052994
109521,0.008165357817243679
112964,0.00966022576272121
101241,0.013445767406849598
102047,0.0121162210671816
109094,0.009288840776905744
113551,0.00923555704921576
104124,0.05110527228147179
111464,0.011228582364111676
103249,0.1120131310092059
103466,0.2662899009665899
102396,0.2714190744770211
111125,0.16493616788286442
100329,0.10060922193608815
104495,0.20988046339222466
107943,0.009660377260030033
105390,0.12074043163134249
112168,0.28084509035630856
114090,0.20107737084501842
107473,0.01506505228563928
110342,0.009165128876898793
110185,0.037249379340408166
106610,0.02808947376171442
113196,0.0552254694220886
108472,0.00709409767337891
102731,0.013159063159603735
107115,0.009211239225558254
107863,0.03380520943848275
112621,0.29701226431988714
104811,0.17055635579795878
113850,0.013209423217320042
106031,0.29006010113533925
114231,0.06714558954990346
107119,0.00712250852309501
114588,0.009760206602553207
113949,0.16049119018926972
110518,0.012095204040957978
107027,0.008336339036084398
106376,0.10833803831439971
110583,0.011775641067904003
101884,0.01138578717035634
108245,0.23672143698972328
114820,0.06139166997281782
102719,0.024035945099205452
105796,0.04949850051128387
114608,0.14043902308754666
113773,0.13274755369495522
112281,0.024827379569879255
107994,0.10174755145713833
111276,0.05555817654490286
110992,0.09685193997996812
103186,0.4280829969823021
102200,0.011137735290441679
109465,0.05219243416642604
113455,0.024567220714631115
107326,0.01838527165235746
108896,0.03902294112410436
111873,0.010520754504755779
105463,0.0099986015087736
112605,0.008255243459049925
104445,0.35987389561495875
109204,0.2594954455880145
104171,0.02615370353640083
101682,0.1576015728732151
114523,0.22276246469442365
114023,0.01815485871991993
113569,0.039337320594867435
109847,0.20407594671249396
114633,0.10363078004716077
101240,0.008021236749786755
112342,0.00780737169060056
110060,0.04006343825307233
111757,0.12536300625802166
101065,0.05661219583022289
106052,0.009648935380648383
107715,0.055877850143478146
111453,0.19730333086150495
105191,0.021958772482067325
102049,0.04230306646871556
110174,0.03137687561196812
100153,0.06858255481423241
100659,0.0108757505147519
108915,0.07886115311906673
114964,0.039381449754647815
100262,0.006563043525235361
100634,0.11221939131895951
105988,0.014023092557669545
103376,0.1331019818956141
102839,0.050944503954931844
114846,0.15316924299690976
108155,0.03340071105491053
104809,0.1277999655344635
110757,0.007655151081175326
104146,0.09528082902747952
102782,0.1167823678658277
108519,0.017928023269894854
103788,0.057067807070842594
113521,0.10764965030991307
114606,0.01089564032933217
113146,0.008509322175609577
106895,0.2373713929367666
105352,0.7922388578288876
107327,0.14429842150209676
103453,0.19456082024358612
111706,0.0069533513545067685
100600,0.00641265193524593
100163,0.28622989183874586
105575,0.00953884207056373
101059,0.21151154739471348
113999,0.011042034837781172
100158,0.2019426911083792
108705,0.027960567474494862
106764,0.01626899136542159
108234,0.025392181458684424
113051,0.011390040162492222
102255,0.008395667082227248
101686,0.09688789456203657
103083,0.17772108266513417
101646,0.0101827934016074
104492,0.006778600572288554
106241,0.016613631574022573
106047,0.14215371851261188
102866,0.1000334994223665
108306,0.014236661222004232
106819,0.025429548135021598
114490,0.12517918358711802
104451,0.0463230301356232
100392,0.011320446200048241
111234,0.013607226735845291
111761,0.03266584896759136
103556,0.03902671781261104
110322,0.022747073218465808
103854,0.010833054975849583
110527,0.009538906119409838
109865,0.01454790426199854
111905,0.1471733282775244
111649,0.011819404348994955
110748,0.011460038512998972
109454,0.008845610841301022
101341,0.043608262973841336
110917,0.008274986247434531
113800,0.2085873179173858
111279,0.04599053669599277
106183,0.026043173511957285
107979,0.25490710203368716
103549,0.01074222478232888
113401,0.009760841174917807
105177,0.015729767137681632
109884,0.01499119731858347
112651,0.03873334943140809
106645,0.24335330043346903
104673,0.009796079218139617
108133,0.00986163397328929
112513,0.03824331193283973
108555,0.2039827513322811
110136,0.019315237540441857
101120,0.08196718908252684
105442,0.36212721954790017
113738,0.6807358527283881
100878,0.011488783330719262
104261,0.11503468711608673
106413,0.04784918635063501
114765,0.24243739104731146
105776,0.07440368765688293
113305,0.027051174203020563
109654,0.01107796016639211
102482,0.02126336233337674
106928,0.4883171580493205
114794,0.027025954667204213
106514,0.06390340842527974
103239,0.06123409788401766
113471,0.03294455071437904
105693,0.011562599649375662
105878,0.041884080020067556
112757,0.009058691810254376
107274,0.011210069044521804
114003,0.2216127563931612
110429,0.02372335386802636
108467,0.01894544486861372
107490,0.14933033343199248
111023,0.08632872444639929
104300,0.008571514604904962
113661,0.2916205483849787
104752,0.006310434849449839
112540,0.011820924043573938
103335,0.5060849861368966
114920,0.25223661900140404
107564,0.01037550160748115
100825,0.011154051569571461
105083,0.0412969620310595
111363,0.009139961598723446
100769,0.33278437592742427
105373,0.025413967953387406
109795,0.1531816979675832
112116,0.5295803214767153
106150,0.5883161129151424
105855,0.1260723575179841
100823,0.028137492280496994
105232,0.19557739434296753
113843,0.010254688132718086
106439,0.0064393919202513075
109328,0.04078531868108128
105951,0.9005130960610166
105984,0.014142014652110478
102983,0.017906739381484092
112065,0.028229152946697252
106544,0.009931624225244162
113081,0.008967252290714886
104133,0.02626897160768967
104517,0.06117242154022807
110916,0.01857130739977766
107079,0.014349489133409096
105383,0.011347794738858734
103141,0.023419437744197344
108393,0.03417113760452514
111968,0.06407417450392108
103040,0.5310567615438898
106287,0.01023469671580486
114434,0.5972935854566288
100845,0.00981425238739953
103020,0.09366284961161303
109874,0.05193465174651271
102062,0.027545237016523234
110382,0.025743195294079025
109510,0.0900382398165637
103419,0.012026146953946635
100924,0.2913223280812388
103223,0.3474215258057528
109310,0.5054282408627131
101077,0.011031010158314137
112994,0.009831561155590675
104859,0.010270170152597173
108577,0.08931335355312336
100968,0.3297740597904092
112838,0.011845252466060587
108564,0.2920836659220686
105161,0.7731754397133951
109667,0.11933246931949999
105592,0.010152861602853658
112312,0.015780606977828276
107009,0.040864101711287064
110953,0.007640638508552292
105084,0.01821748476556051
112327,0.009508920422896852
113963,0.010354925181186246
101012,0.11204343206956766
114856,0.05209384125870851
108707,0.02537581213004588
109273,0.015256340702978875
114972,0.040226046947871845
107705,0.017848060800833954
102817,0.020363251230574305
112241,0.009073287608286571
110921,0.07645520550838517
101365,0.007616978832681778
103170,0.06401162998130075
101460,0.15953850948892642
109524,0.04759223627984886
101913,0.00997015474249466
106970,0.041660837245717064
110831,0.08512293823091815
110478,0.4664322692379875
102976,0.009840086903067976
101887,0.008002507313934195
109708,0.29566999380823494
105569,0.014680635542363176
114146,0.08584254925465248
107124,0.2792350655584301
104037,0.6453360994745676
112846,0.22932779832546113
112191,0.12002808920548295
112154,0.11742761520803847
102946,0.09049940472342301
114362,0.08040384533138334
104425,0.0129141919019143
113863,0.010714179114865522
105971,0.02061004646587765
114120,0.0625262345474613
100703,0.020606254969836948
103925,0.012528406705069257
108801,0.02608076404783714
111894,0.09664290795980342
102898,0.03067391830143449
100635,0.009183790284189376
107357,0.026969224714812685
100863,0.012260282489072443
107686,0.03930945176178881
106722,0.010563451437311907
108357,0.0243261742541703
103073,0.12647705437125784
114591,0.034969875944140666
112481,0.05531418487354252
111472,0.359444441493693
103104,0.02471479999798285
109829,0.03362827210906926
101619,0.008764999567530065
113474,0.04723014448242222
111779,0.08277221977963252
111690,0.038267111232687646
112991,0.10483388740976363
103155,0.011454152283325502
104263,0.16872709403529415
103394,0.02317832310359032
111969,0.00822870930012038
103530,0.20091652633051674
106190,0.006998783169754991
114842,0.008711553293983156
103173,0.022957047723761496
103987,0.028408549072637013
104268,0.0829239395746181
114375,0.009719317641678866
111911,0.012616930176811685
107380,0.019925189381725255
109662,0.03864931898943729
114779,0.058677246168531316
106917,0.012101750629312352
103696,0.22779311444953543
102558,0.16769045159802812
103579,0.10504276141443689
103874,0.1510742604977994
109339,0.00912575651580008
106996,0.011384960671245302
107014,0.1919893409773509
110745,0.04592671199571955
104882,0.39310890246757485
102279,0.2646724619614811
113166,0.034780334901262956
113732,0.07128617842932815
106116,0.21625135054302835
102733,0.010651513419620274
106420,0.059708154231619924
104465,0.3804191025835984
113103,0.32447221762093964
102193,0.007243295144804062
100619,0.0914052412317044
103598,0.015891986493660457
107783,0.1188608370360362
114807,0.08000383821679945
100571,0.009965254745181774
103572,0.1695406713256904
102911,0.1883499582206224
101167,0.024088194322535145
107961,0.027714413569672035
113528,0.07406939490691414
103056,0.011740117251530222
107941,0.05154327556944993
104729,0.009139268952039595
113542,0.007039696428430328
108195,0.04040662980159449
105915,0.2370024932009024
113503,0.00845385334983153
107121,0.4625942328750652
102645,0.04371360450820437
114754,0.07334236503639097
106396,0.008932941169544828
109766,0.03895221911058533
111260,0.4642318908756436
106882,0.12226620190991354
103486,0.024517214204673708
114714,0.00759401322529278
114734,0.06435441875200175
103683,0.04164783980965605
113290,0.18071078704573512
112063,0.009634929735494464
107455,0.028499823768133304
100197,0.05041863634216688
104732,0.011264960686664232
112592,0.20011605395299947
111371,0.010314443598025032
110233,0.1656941589025309
110958,0.01302974380686419
111008,0.02170558415857235
111303,0.011636700142014308
103178,0.011657795605236523
108867,0.007924209878341078
104964,0.008802774148269002
106154,0.19631142513542646
108389,0.6043148494413835
100645,0.19498201446089092
103695,0.0271017088113673
111738,0.34406190035719436
105585,0.016482658215156813
103291,0.10402658094562274
104493,0.11198796966806727
110222,0.07954099604283912
113982,0.013688751214175638
107164,0.009578990367894228
103756,0.07765167977540074
102914,0.062382156280658504
103462,0.04392253916338307
113087,0.011176185530609364
102393,0.026294686561980703
102871,0.1533596605518631
104910,0.16684714289699193
112971,0.011886415767405433
112771,0.09705215402276494
107827,0.042891712933969685
107137,0.016214204525236146
108527,0.05228475537387545
113389,0.011242231478017164
101679,0.08429313981979986
112377,0.139406319219286
109686,0.12329240861426038
106019,0.30192691508903546
105104,0.02687217856161277
100154,0.22357001304521687
109126,0.009163720128363388
110470,0.09477966166695283
108080,0.02046069011242945
112844,0.3341448815473305
100988,0.06487008551716224
107253,0.04854002321650614
114705,0.16712348552372783
108053,0.015477753434168701
100236,0.041674286083878805
109331,0.019157078778243394
111855,0.01378370658933194
105704,0.6334225256321887
105631,0.01001568126476113
104642,0.4098697414248997
106493,0.013920568413656615
104805,0.01143214288856738
108841,0.05262912588569373
112643,0.2973793342762051
108533,0.11638978259221268
103911,0.5921251100002595
101759,0.025350333369280997
107939,0.08436203327855761
107687,0.009805306583296104
110966,0.1110159050673006
107993,0.0782040446226321
100984,0.08551816396748829
102975,0.008041692359173652
102560,0.05461619746712872
112249,0.033359917452473666
113454,0.452087433316479
106294,0.022403434824991752
109732,0.23495328227489778
102632,0.021458431212152306
113033,0.4584001808317549
110985,0.0721788848272308
107266,0.07589164682571366
109146,0.14720691529224314
106863,0.014011917523006456
112775,0.006898753590046754
112913,0.04718085157766063
113515,0.03954603462903374
112910,0.011666400920275892
101495,0.09021144917193766
112115,0.010970951422967196
100130,0.1037634022004529
109903,0.00896095460032067
101792,0.027539725398336757
103242,0.41032874760182003
114340,0.008230876222029466
102491,0.03376525227536364
103124,0.028663508919331393
113814,0.039917461401225623
112508,0.013591980606944075
102599,0.0767407507728316
111251,0.009946024394135413
111645,0.12146699219329316
108785,0.033614351998101574
109155,0.008003378326955838
100995,0.04601305580831338
108780,0.010946868847907344
100190,0.007827088621856163
102967,0.09978140378090582
106905,0.00863281960448441
112588,0.010505197703916646
101256,0.01923822072063781
101841,0.006287363965113824
105645,0.04173252578025092
101248,0.012728143115956268
106342,0.10059681852572824
114151,0.009664450989765707
100556,0.11912743214675825
108226,0.14426284016460733
107239,0.017116681692918363
105222,0.06881448859889802
101689,0.04249694911734134
113803,0.03456121510040709
111703,0.011807346093737459
110716,0.12199457221780693
104499,0.06605535065914724
111637,0.048786480001340074
113875,0.026962218623123764
109769,0.03380053955035578
104242,0.02838946133425923
112946,0.029128314246964982
103081,0.17523883142588367
110706,0.26233121013233895
100951,0.07908314467802362
107916,0.35467122526992767
108125,0.020815450145764816
101853,0.03536555054001437
106936,0.07967627757588931
111138,0.3316871394455688
104255,0.1512165303661816
102502,0.0072550619735491425
113208,0.1988865355382948
104926,0.006086403833202154
101274,0.01872964855963512
107714,0.04422961903019941
111104,0.03855870006873587
100148,0.009874626726587475
102891,0.008948178199144638
114165,0.4036282567159589
110824,0.014805103288905186
104804,0.23325933054452727
108286,0.17606506330443594
113440,0.18674893653999258
109828,0.009894469999317687
102289,0.013204584078064857
111593,0.09325978724297881
114243,0.043855505050287055
103444,0.13616613965033256
109439,0.16864792918750898
105449,0.05873382664547903
106852,0.0963991268789647
113108,0.012842641764591673
111677,0.04055385824220176
111259,0.053591345993503826
109908,0.10959591192601073
104569,0.007994188230372103
108737,0.07908349368583213
111428,0.006989726432277903
103432,0.056166682864106365
104544,0.16863587654080817
108228,0.013246814896340704
100523,0.11329076876813914
107206,0.31172646395721804
106548,0.009070267130240034
110541,0.027727074601225383
108792,0.08411738171436867
111835,0.011425738411199537
103051,0.008905298633355601
108529,0.17723351503629936
111151,0.012964584565806073
106549,0.008980857598073296
110653,0.06093072908921265
107385,0.12495609092162265
107221,0.010681202128990687
109175,0.02957572104631948
102978,0.021974532426318076
109687,0.05263514544471226
110674,0.006382986031295646
104790,0.007817266689786877
102065,0.023640072395791308
111302,0.006133752497321521
100987,0.010580647161418754
113260,0.010549069642673232
112046,0.013071044872275586
107041,0.030227792207200968
110047,0.23502691232552908
109312,0.17142435110174817
103633,0.007251526939934679
105760,0.010324185412708714
111640,0.014945996944606809
104033,0.054795254251268855
110112,0.19552674452176652
106602,0.08900687131800168
108477,0.031041353647013013
112647,0.04585304686745006
101735,0.159322268588651
106656,0.1652698244648378
114191,0.008282052761061875
105109,0.02934689805141667
106787,0.24214027883785558
102219,0.09301044732765139
112903,0.16212898521438335
111608,0.03652735077729273
103310,0.02298414725151851
104177,0.005213938171404598
101150,0.18909350293808383
110276,0.007573993443488462
103714,0.20703889246673846
108591,0.010502571992828296
112098,0.022827089662073436
111827,0.04005817085793365
110641,0.06774800853896579
108932,0.08698110949833363
107570,0.007144867752842399
106265,0.010004027125995145
109435,0.1902278858787823
105801,0.03824906547648715
109506,0.006984665852219385
102428,0.0377074056649866
109235,0.36313603030032915
112636,0.03174065889341534
109547,0.1939167535902287
114696,0.032571172000071286
109561,0.03856130708279195
100580,0.024375966763239162
113460,0.00994146627920266
100374,0.032422756750059116
105536,0.013833469566878216
113688,0.34976966191654557
104648,0.05847117815585639
101704,0.020993316465032847
111261,0.281161487909034
108989,0.023785717403377333
112261,0.013181161575574092
105392,0.035818202618664724
100950,0.010041642104729577
101997,0.31315827522242934
108996,0.3969708859282399
111559,0.0859873573700642
113746,0.05492059787810342
114983,0.00793154081824351
112941,0.01846802017001002
110837,0.014926760940012967
103330,0.5774917887979744
105901,0.216064261516595
113427,0.013134003588612414
107560,0.0071528026326948225
110961,0.01541560549043199
114641,0.06697708174363161
108623,0.07150715166069366
110030,0.019620693731649482
106238,0.00946273799954295
108435,0.010369529697193179
109206,0.19620845863103342
100271,0.014405022255095054
106042,0.2030603771391549
102529,0.005851377889839009
106910,0.027616982241393355
109160,0.4023072351940766
105387,0.00794271771264431
108884,0.006315478659619305
106272,0.3031735537242031
107270,0.01740248755043268
109917,0.009397618383296205
111404,0.0351453900776944
106168,0.022033021503053734
111080,0.008541789468981553
114162,0.03309136012911323
102000,0.08457124766715035
110682,0.007719748848907787
102590,0.04423338806260002
104150,0.068189337247354
111214,0.05164327696917708
114079,0.03521027841522584
113013,0.050857557935221155
108691,0.009963077084899933
108967,0.009969317390047954
108554,0.012295033013461798
106082,0.010731757090473706
112688,0.12233551087239475
109793,0.04131420491157596
100806,0.09547511229844859
110636,0.2490613564342411
107312,0.0062372364934894006
112199,0.012889721160539002
101058,0.011788137654167639
104399,0.0453579672914941
112883,0.012658839610271309
106777,0.07936047869382426
113450,0.7737043555576274
111394,0.13215843949299586
110755,0.018108149416685485
105626,0.03631578355280926
102568,0.027014920471598668
108656,0.04870121921221576
112504,0.008750983424670193
102849,0.05308303162476758
110344,0.009573642788789971
105541,0.007637631467818507
101442,0.22696967082146288
113018,0.01347691554590406
102143,0.2122967781325733
108711,0.10403204011577506
108924,0.009705985546216614
106490,0.07296921637737207
105258,0.03203048219939876
111111,0.014814547567774585
105759,0.013290733355305773
109077,0.027398339537902633
110169,0.054791958354244726
110011,0.05535404601851223
104278,0.33729345817031264
102051,0.07861151260558039
100955,0.015213497326437403
104014,0.13973221211353382
112257,0.012464380604984428
110040,0.008655260397369899
109352,0.02435987782502448
111506,0.009799833303827245
105052,0.14081857135903725
103191,0.016810794659820362
114878,0.009702219447434579
108755,0.09247049352515864
107343,0.2981289922963502
114056,0.010216799995735723
112330,0.18970985840337787
105420,0.06152431717895411
108230,0.009073514301694658
113682,0.00944493312130253
102156,0.015289714105512903
113339,0.2250547855639535
106655,0.025445170786912562
103327,0.008159138430428408
100232,0.07766827761709606
101816,0.0327808224080511
103228,0.0489649911026099
102368,0.03923471673462003
112215,0.38636127233085654
112625,0.14923650910185296
102712,0.03243998583032046
113284,0.12065450773448065
101734,0.03435405589730429
106732,0.07827613983915897
100539,0.012601109036152202
114071,0.011410666797247896
109227,0.3133415610556953
101265,0.01224665525403827
103943,0.030977878344904716
101198,0.028816399952918615
106893,0.006541332661800853
112731,0.017116500446072092
114870,0.008701370679349816
107408,0.22611651734189184
103744,0.014212138405069127
111589,0.025427128738196945
107123,0.043900491628100516
108800,0.030003985324652527
114836,0.010704131404432871
104737,0.49865531327801316
113125,0.06921981857073987
105864,0.07483164187075726
101229,0.010558735829029147
105877,0.05177897847819098
105658,0.3147500376918078
108716,0.08110088464549453
105954,0.008864863703032798
101148,0.028654747313182755
110948,0.2435827272673916
106235,0.011331080550826619
109768,0.024172932776953922
100936,0.06378940649836694
109991,0.009472262987796624
101843,0.12308044319963878
101939,0.07819721377062787
110922,0.19621775701003832
109409,0.016994519292482826
100161,0.06507248258429776
104437,0.35011917335981785
107849,0.013704556475121473
107112,0.0587337613161147
107806,0.30822694172307497
103028,0.013104598504446575
112135,0.010848269446469183
103093,0.010603261788542392
100956,0.029010396170114354
109776,0.009504122437563463
102247,0.01298715983571621
113659,0.009296654943549153
104876,0.010977663175499936
105534,0.010395379378346385
100294,0.017789675125220394
104543,0.823373710284312
106233,0.049771030475843636
101249,0.026362038926667334
105588,0.010524913948898255
110433,0.006274012417949383
101066,0.1636727695381288
107992,0.04974830136350482
109442,0.035787718117345935
103716,0.25064664495321576
105401,0.02340231690529373
106469,0.00801629587180021
108056,0.6158550477245346
101638,0.02817041197819025
107494,0.06111181441199306
112529,0.08535325996382542
104887,0.06009711638048198
109633,0.030506101408238753
114294,0.29108926878951136
105051,0.11096458142469158
105887,0.04310778887228701
102408,0.06639200302227333
105393,0.013164648243540479
112303,0.21401313165607955
109710,0.012254854432659334
114833,0.046980970199865184
108442,0.013508071041927833
106530,0.008978060754293565
102768,0.012199086660793196
106371,0.06393643687758493
114012,0.037663420181138975
103738,0.046657492206694295
106184,0.01052069361539669
104356,0.009551080605681076
109827,0.08715846144483842
113545,0.011760967966479073
111928,0.010046747907296988
106776,0.011666235619589063
106737,0.01890553297371937
114780,0.12020707878483836
102026,0.06113858383256383
109873,0.015038735654743451
110699,0.009474111349668295
111145,0.011977796697678731
100778,0.010789862511027785
104853,0.047183150987631796
103436,0.04438040312093261
103496,0.03646937315106291
103561,0.255719695789194
112221,0.03664187955622752
108164,0.6464101167999261
107587,0.012997218130392839
105208,0.008470213751691389
112151,0.15011152075786904
107418,0.027610269864004028
113663,0.11022141563460112
106305,0.011456431012211181
108032,0.06513078121793953
112178,0.031119339107629342
100953,0.5574055222574041
112289,0.02798324301660031
107280,0.16870444977690252
104324,0.08617681359324875
113170,0.021157289389976238
107125,0.008651991415042656
103072,0.01670509722596526
113893,0.010867307947313599
107117,0.009392922859390161
109223,0.059330055186672545
104223,0.018073489193315948
102180,0.01131298883218561
113370,0.00971404261223808
112701,0.008382182106087873
108680,0.10386628928560199
102539,0.008919673778230733
102044,0.02413403333976102
101712,0.010720885379066554
110139,0.016967605481187635
109998,0.01047150453000363
107892,0.008457169621939221
100064,0.06186482389745468
110142,0.013716756752823215
108595,0.013600625749566183
111579,0.07099310247278631
112936,0.016209214545519633
102711,0.007670366841665071
112323,0.0944528223066847
111284,0.05186538047259571
109347,0.053157024320765314
104621,0.018416977744714305
101917,0.12803407469053255
108503,0.04505163188872927
105073,0.2937147736603573
102504,0.020529926406791577
111443,0.009682648366990112
111106,0.4098880086179161
108173,0.12784557430058197
113766,0.012780514682422922
105907,0.023344555319364763
105276,0.012124077867707788
113526,0.047245208188679014
105941,0.03568869808264913
100917,0.0241409702688722
102204,0.045009546377783725
112094,0.0630146019733542
103138,0.012373026913200974
105745,0.24725259749938625
102736,0.12188166978365354
104780,0.011360660908069128
108580,0.01985695585540676
101177,0.009025748653897755
102665,0.022397504289930144
114196,0.03576725208131204
108352,0.13802259038796524
111787,0.009368142882391678
101388,0.011517819520927501
107638,0.009841098947140319
113723,0.01056993384828248
103584,0.013025714287201506
105295,0.058892955046797014
111253,0.008339552251451462
113969,0.05286308239202523
112876,0.048206597515254815
110627,0.010509873809116986
106528,0.02074933183170634
106457,0.08201415194785067
101435,0.039393191383884696
113550,0.011905549191031203
101331,0.2840645131313544
103553,0.009908445498322671
102433,0.025055469406952163
108130,0.04939207409078946
107673,0.014561525556552947
113405,0.04850789947800553
109167,0.024453897521895692
106484,0.008762496123468442
106028,0.03659582638954544
110486,0.061743255647364256
100481,0.008808766665552503
114261,0.3409727307704133
107069,0.026234824917992026
112741,0.024783336092661416
107546,0.00927254576159516
107693,0.00816167078603576
103391,0.04507275945879458
112473,0.02391238920415845
105319,0.13545055456097574
101191,0.0404984432689255
103041,0.09976495630079539
103354,0.009159842264948056
112385,0.23330637702285045
112144,0.007560453313955142
101810,0.29900689056416596
102419,0.08228241161447229
107214,0.011573070601122932
111581,0.028761598632534656
104435,0.020502844565536315
103472,0.011081597910105153
113860,0.010695891242733799
103675,0.012480456905672446
102192,0.022277687066531743
100963,0.04030933024805889
102875,0.04478486124162859
100060,0.011881781923055522
104249,0.031157553093691545
114912,0.009666988567371897
111081,0.11203207340465204
106320,0.12785793587572084
110640,0.01930070850709151
109550,0.1368739432034402
103179,0.008058145558109875
111607,0.012089117434119948
110954,0.011809680381011982
106704,0.01399656286493586
113762,0.010847044824756945
113808,0.007488052967734824
101865,0.6937415520862862
112111,0.018025302106428116
101521,0.3379396580958439
100482,0.25453579534466164
113149,0.00926600307840846
110250,0.5093439295808463
100189,0.07783833717353349
107138,0.024197653077341376
110526,0.12750214044331268
108702,0.07553377174055147
108190,0.11832491318881184
111150,0.023412084852645794
104440,0.09732607004935077
109949,0.1479309348254439
104481,0.10000236927141774
109900,0.052997336995448265
111249,0.009830630892324908
110724,0.045515978395318256
110001,0.3025758394550252
107984,0.010367341694241701
111622,0.11908444980253485
113992,0.007525059582041299
103225,0.013778734075433017
106614,0.017990075018324288
102779,0.025470876057449687
106506,0.01006135937441076
106780,0.5148506761706406
114956,0.4234815036897636
114605,0.01471992553814409
105897,0.0916106830063736
114559,0.01053309364971176
102969,0.09962631899775962
114936,0.042556145610149705
109860,0.2190791272704894
107622,0.6137051247214995
113083,0.17396005966324182
110603,0.008971549935359138
112394,0.007234309843202538
110248,0.009349867769887995
113348,0.048368055702772146
106907,0.14072503612689952
113919,0.2854199922100454
107029,0.33421472216793413
100986,0.02526382039398581
105243,0.04640480905230151
114257,0.29737927035298206
104670,0.0481612942474826
112383,0.02684059123510321
105997,0.03287698967273405
101481,0.010049312705944894
114925,0.01266405981644729
114467,0.08725436796994171
108427,0.011892662838784858
110145,0.057724603714110874
106024,0.013781401651428434
108340,0.05341228252063717
109588,0.04453052205835066
114565,0.01540752719975293
113102,0.25835087811354274
110055,0.1499985139826216
105811,0.009351571712857332
106002,0.012331494148018821
106078,0.009015133135798594
101308,0.009756766174482292
113519,0.02862311773714373
100116,0.01173880996247627
106541,0.029401210247262867
110756,0.03588483401933367
107451,0.050238553844198425
105490,0.1872975860073374
114561,0.14081948289569035
100943,0.009406912481739593
106402,0.007717429340175786
112851,0.017105348207167137
107980,0.07237076105219829
107350,0.007474480806245351
100860,0.08318117236899357
109424,0.01184621932628498
102113,0.010895656693653541
114240,0.008308738206325005
101826,0.25740584909919495
102790,0.010240603965987246
105989,0.029309424584338717
113323,0.5395922517643806
100016,0.15497800276201512
101316,0.008818994021500017
100021,0.013375162970687183
101165,0.05618696282111794
109631,0.23772629238069815
107648,0.1538529391252489
110294,0.009348980558849897
104380,0.01006923176089915
105448,0.23413527347239693
108632,0.010840291349709433
105655,0.36002148560445973
110738,0.1507653207139718
109153,0.031470147977632826
105029,0.3685642583899822
108783,0.01608175645684942
100362,0.07369047440959414
101757,0.009068598746385402
114735,0.019887391738883074
111479,0.01824651880451652
108766,0.03157238565963548
109374,0.18027047102523727
105742,0.007802713652792538
100574,0.009919435483130847
113652,0.1626090907990582
107776,0.01107155986450451
109882,0.007761525249821205
102293,0.008463370318217511
101640,0.013161189142821727
110998,0.016629707821418926
111475,0.2411999180354748
109721,0.3509215084938224
114123,0.019143776638076954
104175,0.012414436535946075
106565,0.013050585330123193
106783,0.02774585361042847
106694,0.01007799162582342
105475,0.03897565941017357
103725,0.010743630474455888
110874,0.011427497574263359
110093,0.23506385845796174
100767,0.009557954750274896
101750,0.008783403484833772
107679,0.023159993813901766
103863,0.009307320361640569
107509,0.058679465241036004
102430,0.05477119273833114
114774,0.07053876553021969
111022,0.3253907074207434
102371,0.00699492268000156
105772,0.022725564971591578
112815,0.009740104971150989
104636,0.022132953373121975
102056,0.008121103016427607
110793,0.10494374857749783
101762,0.03498913113851732
104443,0.00908849446891395
114976,0.07344858793663903
105299,0.008716033769251461
111130,0.2230741518993912
109098,0.008794806979576146
114423,0.15443168422489004
107967,0.012345809314295861
108415,0.014404776281307055
107083,0.007053477871269199
112533,0.02429349054536815
111127,0.01896699595309943
112933,0.008617190616392198
102355,0.0375081499841922
112418,0.06173130517199467
106236,0.11821319367753451
110123,0.2423430846909438
109207,0.06516099243856556
111935,0.028726479544729795
114106,0.3857346029617791
112921,0.020729166633446924
111221,0.048723029543555445
100277,0.5246713539854667
109467,0.21284421891006355
103760,0.026156854628216885
101986,0.012389560746211024
108906,0.1873439046664572
112772,0.10482359526775298
102494,0.36197112696681716
107022,0.5089565757326884
101581,0.321694298386963
106986,0.012457242023113114
113807,0.4685990902352389
114980,0.008916137817155423
103930,0.15483630892722497
104846,0.010512416221630754
113428,0.08783678292480072
108914,0.14659084173843764
107486,0.0177049400899734
111561,0.011150979293277553
100824,0.03911440964045582
104413,0.03197572918567706
114997,0.11584070606557917
105346,0.02862112075232378
103389,0.32799905605350094
111191,0.2166209931280818
102635,0.012014693437609362
106891,0.0283638156859248
112080,0.3326237734499182
100768,0.12194502241982579
109739,0.012928265180439942
114061,0.007711580144809776
110828,0.0187523922700166
113409,0.010430416143216869
102740,0.010193670752105803
114331,0.09186440029123319
107098,0.3564697346942701
106313,0.008917706289701299
103099,0.0523446228036846
106635,0.01675121793880667
101276,0.35230736421663794
111921,0.16666223115017667
106563,0.02326826182005047
107725,0.02674869815867048
112763,0.09629563191811782
110454,0.15215361233074942
107641,0.008850084642802927
107857,0.032960983710010015
109738,0.024195273427127666
103368,0.009049261777632482
111083,0.01888972999062351
105757,0.04306508666927842
108958,0.09367377505097926
106799,0.010882987259424833
110582,0.13690690762053262
109771,0.3453858474316591
101021,0.009584657973170662
100390,0.012917847110180458
112556,0.08119860718960911
104179,0.014092302084566773
109130,0.26903998092346854
109760,0.008926684018007244
112260,0.044616770746267534
111003,0.02734853922851941
104931,0.03089008147139884
101908,0.03984569292192725
107052,0.008322648763353667
100689,0.03694962816777788
104406,0.060185225732752166
101081,0.032155240918811806
109183,0.022498435857509574
101549,0.06768979108753775
107045,0.38357767313606045
110015,0.029517798604891517
106675,0.01350319105569602
109540,0.010623354121384763
103972,0.05302879209805308
105134,0.008034132970900054
112469,0.008906872945095779
104116,0.012065009507385928
111252,0.0165435707492031
103476,0.023241288986561616
109011,0.02609018626170734
103304,0.03381467049901898
101343,0.06446338069514077
111362,0.009937003952143305
106600,0.007154005295239973
111990,0.05286034761829318
107898,0.008988953779233283
107832,0.035856483664521176
110867,0.16194336250595054
109018,0.022877313532617443
102385,0.07352033306415386
112707,0.04957192154136499
109872,0.029517741271940838
112666,0.025958013416071825
108325,0.031472843381242906
102162,0.10498765517941679
109986,0.009749573170368085
104839,0.17119885293197537
113470,0.07207251362353696
113501,0.009976832004691063
101394,0.023161749438776514
102541,0.10203533162481632
111789,0.06079925043177909
110693,0.01443366311044737
103627,0.3391430475080143
103897,0.08773748155709646
104282,0.024513504087607732
113927,0.013091591427799148
110204,0.017633239542803925
100928,0.019611082369944802
101531,0.019944788299274204
101970,0.01644517853105317
104911,0.17458387827319846
101667,0.03182593141332831
106303,0.07429431613125555
104311,0.012204137946298101
108837,0.03881289238536991
100770,0.3461865039010392
104312,0.009847102540510634
102703,0.02234043827471202
104452,0.008813522516794679
104760,0.0175836269334289
111393,0.018576693642078087
113704,0.008247513954645902
100269,0.014909095611329568
113889,0.023868637907655553
114799,0.46539882810930283
100793,0.21041107755069405
114671,0.0077453767552669
110488,0.20382831932519216
106585,0.0715131338824465
107101,0.00830117160039995
101636,0.012999919331522457
114748,0.05275774457362625
103654,0.15426144240998635
109555,0.010554189002270028
108238,0.04754991176887381
102050,0.08262760040500994
110246,0.015075290938152405
109905,0.059931643602405126
112292,0.7175838433685865
112338,0.11108048954650898
101304,0.007854917307707278
110593,0.00659947504426112
107002,0.012743262201751931
104143,0.012546002237594799
100255,0.275202917267861
111238,0.03086310443822731
112200,0.0099935176318623
108954,0.13039112913268558
113245,0.04851234683184402
104946,0.00877260236832019
101214,0.01620168493010279
112852,0.022188540445318036
108445,0.017641209189546127
108038,0.03068955439566118
114502,0.05271297842465329
107777,0.015027879593954626
112706,0.07930283272228987
104206,0.04401750113106897
105690,0.031808474009524954
106035,0.011722480057153569
106316,0.09508602973458442
105078,0.036237316162819874
113434,0.02533225562279008
103998,0.008352361226102941
100717,0.01789714032040463
110268,0.7988671680128586
108666,0.013933980234212367
109064,0.046071181711102936
107970,0.2657975969755764
109879,0.019355882445864833
108162,0.029313844400677302
111367,0.008233475339267635
111332,0.007474613871894843
101969,0.2195403726581265
113923,0.1581592134230924
101125,0.011692650685813717
110181,0.02909164536321167
108648,0.03957424490789366
111915,0.11087567556701299
101239,0.5976948898733604
112661,0.025961454908258005
112185,0.025836816855250133
110002,0.00996228333737583
101291,0.010440197563745934
114102,0.38768616606350026
101633,0.01019537142279074
102496,0.5712790170943081
105535,0.05817829952523563
102824,0.008600317718666239
105578,0.03649167575906263
103843,0.05780205746831184
107901,0.14890239393962884
113711,0.22854463263398633
112613,0.7475018924771462
114914,0.036130997176260386
112076,0.009389583984895367
114356,0.012121063116272715
113226,0.0073163445281476044
105429,0.038358790923322166
101062,0.015401320245275806
103775,0.007634541368570037
111244,0.05542161838533119
111555,0.10631319767872853
105881,0.3970778840258156
102739,0.01458479530954023
109181,0.008439148682716353
104349,0.03390633491593705
103417,0.27648945613057646
109093,0.07600250519886259
100638,0.009590217099304766
111493,0.009071764046521836
104432,0.007445019331071443
113623,0.03337686569321159
112626,0.4937089016585066
107154,0.05045509619892496
113235,0.02298669494279913
105203,0.09733590405257933
112511,0.0804828937665835
103712,0.024008722845645387
111534,0.048466918577517226
106924,0.0255567456214179
108662,0.11049775469184518
114473,0.06762557759522124
111713,0.2111875732692762
106873,0.00802411914992277
108219,0.007123051154581116
107421,0.2002614189612664
108782,0.011927222541983097
110789,0.023445269015812984
100364,0.020674497077843145
110331,0.018939949028376687
102604,0.009899189926507295
111563,0.008171586459289526
107177,0.029792439410750785
113050,0.5739780939876747
110160,0.013255311115865396
107340,0.01105814778944491
114237,0.01035357487147911
112234,0.042819474982366795
107186,0.03870227393478977
107734,0.009740099500444748
105085,0.01358232876280275
100013,0.04957249846085487
101648,0.02602548053655653
101664,0.009129185347506744
114312,0.011692461166877263
112175,0.10168151779457131
104289,0.3626776564812319
103380,0.01722253663095645
104021,0.04378260794916815
114238,0.008363116412267673
112819,0.026345711525391714
108050,0.020918727667337166
101709,0.035699167866207096
100089,0.018116648082160555
110320,0.0741293431080533
108194,0.01177425912001433
113192,0.009431648007213295
111185,0.009693440269994386
110380,0.28246990699012137
104795,0.400547008040258
111246,0.06050045377510714
108865,0.10995449307546318
109576,0.06119110047385032
111186,0.008660473183742173
112208,0.010568190869959812
109218,0.03185038520927096
103665,0.007886917426068379
112784,0.19648325781320422
109600,0.04281534007150395
103876,0.11698497657113648
108232,0.04831484532949885
110247,0.06827001511184873
111865,0.01099901169975829
106644,0.00874672448597737
111397,0.33379395210278784
113168,0.009055132768325484
107330,0.04337242377983296
114737,0.3220580757147176
100224,0.011601011871323386
113297,0.15126101938497327
101279,0.00924976091869097
105435,0.03894442497559634
106254,0.009594906158138232
108017,0.016589633206588492
112506,0.013667456390744561
107373,0.011445252136348992
102198,0.05469537471210121
107805,0.2216347403714444
107126,0.35641159409631634
110173,0.10843250301984036
109131,0.007494368633747855
111348,0.015824173143651997
101980,0.013418789430929041
104917,0.009794884497534035
108946,0.03636169934581798
100851,0.009395810806379024
102961,0.03169544548185629
107526,0.07343412086023234
114506,0.015593353542429723
103748,0.010383178478794119
104496,0.10296046594963362
111314,0.013550625730800113
104227,0.10257566620415394
114796,0.30265226195478373
114937,0.14429615291057984
108007,0.010836785352285763
114086,0.5283747066008818
106668,0.2956714255795394
111815,0.031199745940452384
104200,0.013119356887483549
113854,0.00924375858521866
101639,0.01779451796020219
107843,0.2827738430478733
107437,0.3039421482525925
113164,0.00812873949097928
106793,0.010908353706564395
100892,0.025180596009187692
105567,0.011932056992309143
103676,0.1157814809391808
112524,0.012775054469909189
106007,0.011906211085835502
114746,0.013328656052825003
110404,0.20902952943079514
102141,0.036982284198630436
114369,0.020892782309967595
108006,0.02773740899990709
113821,0.17006793063101325
107000,0.00890102579096395
104585,0.029041557224914343
101403,0.05290574284031417
106136,0.01142109923936443
109400,0.011231798408208439
108338,0.03509245087969771
112734,0.24612974231421142
102421,0.02079195947205947
110361,0.11549562298888189
110281,0.03561268517636962
107245,0.07580316879836464
110231,0.007467551000993976
107175,0.0298202951149169
105892,0.20387184659581395
106132,0.01722901778388981
102734,0.18649305045838468
112457,0.13374493382336525
106801,0.06997693695085049
103216,0.17808040011117224
110589,0.014075894739966158
104675,0.0077988935413465296
108319,0.17238774443736551
100854,0.17655864096369633
112990,0.03168841176729853
104892,0.2529000251963509
102125,0.00802198073490707
102120,0.2129424918329709
111694,0.035540704855889275
104736,0.030162444822209988
101060,0.10254827843697598
113072,0.014520631708950876
101380,0.08662939616395433
104611,0.01562159844692832
111666,0.03950863016475854
101184,0.04796463934726726
110253,0.010993942376730742
106467,0.09208646396653489
100606,0.04195986198688697
105779,0.2004988636393977
114335,0.00706903636752625
102060,0.010275872733607123
100466,0.07025172054787672
109477,0.04700020370178987
104968,0.007384128056344134
112350,0.007844300012880969
101050,0.2911063691564445
104904,0.007632664325736874
109106,0.1631568466476905
103224,0.0994422063205327
107241,0.010424017150065383
114060,0.011937171715503023
100918,0.06563359684205043
103600,0.015024079914765306
113366,0.010798088642585944
113285,0.18304753751962397
100504,0.009012353301110125
102403,0.008602669666159895
111801,0.028501598892465157
113645,0.009540467845230318
103373,0.42638347984667874
105101,0.006920383453447611
101136,0.029669956507643952
102720,0.13821185194647054
105150,0.1639892724662135
113296,0.01265601054970729
109956,0.009273012410979484
104980,0.017034377025599273
100207,0.011320475347091056
106833,0.09388632871708653
110554,0.11007937823732691
108002,0.0556271455429481
100038,0.05749843319275951
109645,0.18626779222393275
105750,0.015353324696714663
114080,0.2736570672880325
106036,0.043016067138644996
103564,0.010143230928159292
112874,0.01293800821092139
109945,0.014263027057206591
109916,0.21308623163752824
105966,0.03904398585900608
102863,0.23011592134122377
106525,0.008041322129002776
100054,0.013231104150110393
114511,0.03404347700330507
112430,0.19895614406471265
112677,0.11449551948374165
113628,0.00827585488596998
112719,0.020555888210338432
104109,0.01167356243334105
105122,0.102221473147609
107904,0.12270974413048374
113481,0.03110404989480431
110900,0.06410414280067328
105472,0.023558053394654527
102844,0.01985653333373834
100338,0.03002412381545926
109996,0.1211229118808789
104869,0.07552335266509144
105301,0.052219022622029036
102806,0.24784143451827423
114670,0.016604118378334976
110658,0.01193045398673469
112182,0.030266424634555377
111758,0.010051513728749363
110352,0.00824365088831542
111869,0.01363816693351519
105732,0.03294262014438063
113552,0.026129884394665005
100009,0.01309527105565355
109325,0.11514197331764843
113970,0.11564855821730821
104188,0.02242875288146782
108920,0.01387485176531897
107643,0.008418480791443939
113319,0.011467074088309989
107240,0.008062645948616875
110787,0.5685818887637133
103345,0.014670194232684912
110532,0.007729993752816769
113941,0.010641081020727637
100552,0.010663560863644964
110314,0.04401447978429124
104909,0.047583615422641265
107906,0.03730372471885312
114258,0.6026787274917413
106971,0.15720902734275885
114303,0.0222974242851514
109078,0.010251443413713238
103506,0.008177089233665823
103451,0.017148351963629214
107813,0.08675989983845762
105010,0.07146624438127414
114199,0.01000952422788002
106616,0.025102336074925898
106612,0.1972753420956289
111045,0.3655670005030687
113822,0.009627615347984947
106943,0.006906736808938164
113735,0.011773754019430451
100614,0.008249324111474365
101998,0.13699688450731368
101645,0.011568870192729199
101312,0.04258547057399675
112328,0.015842639619015178
104232,0.11964541757348097
105724,0.00979035522099036
110573,0.11115960231871254
106766,0.027286402915074982
105486,0.03693688550173883
111829,0.008499798570555129
104470,0.04185803268443969
101100,0.1655866017639262
108322,0.00516792433070053
114498,0.03261345589418637
103300,0.22250651160225726
107513,0.21111452716680953
104841,0.18341291999622586
110823,0.06304325417567144
102353,0.009510215845187483
104218,0.03503678954310391
111420,0.024092790852101042
111485,0.1096622623722844
100502,0.011312726888020657
114152,0.009075200483466125
112373,0.03438421288149919
106257,0.0912722563409343
114077,0.008037792906301766
114010,0.3355099797736444
105233,0.008270610601186638
108120,0.28413816603784314
114054,0.00856207224414495
109472,0.027938119156771215
111486,0.1359012912476574
101266,0.042938220931785176
110161,0.016639827572279546
113216,0.05632799872302652
111088,0.25056618262152897
111795,0.040109552147880694
113584,0.009864261987438559
113221,0.04645908891421403
113184,0.0245248496858153
107140,0.007775889082675774
105726,0.010211263070311396
111338,0.1770878120432113
109461,0.20912008094784681
109184,0.06373093401814296
104212,0.008708973663749014
101828,0.023093987677444326
102896,0.011797283225750035
107449,0.12322533712806122
100629,0.010425655729063805
103594,0.0701132888456539
110729,0.0074745823019983825
100686,0.4001972777262127
113446,0.15981462686548856
106038,0.009183115218200357
109337,0.10089860030538396
101802,0.009422582140856693
107651,0.010564523780167376
101927,0.008729026743254828
103766,0.03259125827608879
104547,0.06936275703876948
106960,0.33375267209300324
105238,0.008619700050496053
105343,0.2970530821118943
113356,0.00871742759237025
104199,0.021032093571200613
107035,0.1057312463874993
104211,0.15776232814835234
105959,0.05942899510535583
102872,0.022702363123281097
109446,0.012016061198382036
102365,0.21939130373627297
105105,0.028347896372830268
107158,0.014913231755430375
102674,0.040264211995095514
112600,0.0099220546812148
108436,0.03880717592793201
106944,0.0959737494124319
100667,0.013146048811841433
102136,0.08265975661248497
105172,0.11398210593072601
111046,0.5025116441676113
114470,0.06892076559181272
110230,0.17774578651592116
114732,0.19414464156165384
106359,0.2734473271607109
111760,0.02300453321927132
112298,0.08134904103975082
112052,0.03928027923947481
101906,0.00750190446177327
101300,0.007580154800673924
114653,0.6518103274592147
112206,0.08166252096554277
110600,0.03348732007008581
107419,0.0964955711079204
106527,0.01583748122668469
114582,0.010381884385607085
104973,0.10715774329577375
107973,0.05703757364810579
108041,0.011245418806098492
103067,0.02066998809266401
110749,0.1044418945781798
114586,0.014148320506041642
102832,0.03181045402594406
114676,0.07645641539648067
103086,0.0104112796943411
110902,0.059370130397987754
100011,0.040241511500870276
106809,0.15821460306965027
114039,0.28959140685871954
111714,0.82798835839447
110737,0.008091135964549658
100707,0.3635920019333933
112447,0.007673766037629441
101571,0.018617439691181695
106228,0.04532196900387424
111641,0.21894561082310493
110927,0.050328174632137124
109444,0.00796953651696853
104018,0.006140038864554915
111837,0.012432021679369548
105311,0.014147220201659228
108363,0.054162499072415785
103926,0.011153909593270834
105256,0.0983018491158414
101122,0.022624950323263844
100395,0.011206530169562742
105752,0.1103066004081886
102074,0.011235817804820337
109108,0.010902100529416692
112713,0.025243704388204894
108150,0.007617885374592714
105734,0.09384403579343283
103147,0.007429920038185254
105182,0.05497917943006865
101387,0.01066127924558941
102869,0.1668612472116461
